{"20": {"id": 20, "name": "Photo_GCN", "type": "GCN", "graph_config": {"norm_type": "SymNorm_tildeA", "identity_features": false}, "model_config": {"args": [745, 16, 8, 0.5], "kwargs": {"bias": true}}, "path": "/models/gcn_photo_state.pkt", "available_explain_method": [4]}, "21": {"id": 21, "name": "Photo_MLP", "type": "GCN", "graph_config": {"norm_type": "Identity_L", "identity_features": false}, "model_config": {"args": [745, 16, 8, 0.5], "kwargs": {"bias": true}}, "path": "/models/mlp_photo_state.pkt", "available_explain_method": [4]}, "22": {"id": 22, "name": "Photo_GCN_Identity_features", "type": "GCN", "graph_config": {"norm_type": "SymNorm_tildeA", "identity_features": true}, "model_config": {"args": [7650, 16, 8, 0.5], "kwargs": {"bias": true}}, "path": "/models/gcn_identity_features_photo_state.pkt", "available_explain_method": [4]}, "25": {"id": 25, "name": "Cora_ML_GAT", "type": "GAT", "graph_config": {"norm_type": "SymNorm_tildeA", "identity_features": false, "load_version": "v3"}, "model_config": {"args": [2879, 2879, 8, 7, 1], "kwargs": {}}, "path": "/models/gat_cora_ml_state.pkt", "available_explain_method": [4]}, "26": {"id": 26, "name": "Cora_ML_GAT_Identity_Features", "type": "GAT", "graph_config": {"norm_type": "SymNorm_tildeA", "identity_features": true, "load_version": "v3"}, "model_config": {"args": [2810, 2810, 8, 7, 1], "kwargs": {}}, "path": "/models/gat_identity_features_cora_ml_state.pkt", "available_explain_method": [4]}, "27": {"id": 27, "name": "Cora_ML_GAT_Identity_Structure", "type": "GAT", "graph_config": {"norm_type": "Identity_L", "identity_features": false, "load_version": "v3"}, "model_config": {"args": [2879, 2879, 8, 7, 1], "kwargs": {}}, "path": "/models/gat_identity_structure_cora_ml_state.pkt", "available_explain_method": [4]}}